Year,Area,CancerType,AgeAdjustedRate,lci,uci,CaseCount,Population
1999,District of Columbia,Melanomas of the Skin,7.8,5.7,10.5,46,570213
1999,Nevada,Melanomas of the Skin,8.3,7.1,9.8,158,1934718
1999,Louisiana,Melanomas of the Skin,9.9,8.9,10.9,412,4460811
1999,Missouri,Melanomas of the Skin,10.4,9.6,11.3,596,5561948
1999,New York,Melanomas of the Skin,10.1,9.7,10.6,1936,18882725
1999,North Dakota,Melanomas of the Skin,9.6,7.4,12.3,64,644259
1999,Oklahoma,Melanomas of the Skin,10.2,9.2,11.4,356,3437147
1999,Alaska,Melanomas of the Skin,11.2,7.9,15.2,51,624779
1999,Illinois,Melanomas of the Skin,11.8,11.2,12.5,1416,12359020
1999,Montana,Melanomas of the Skin,12.2,10.1,14.7,112,897507
1999,Tennessee,Melanomas of the Skin,10.7,9.9,11.6,610,5638706
1999,Texas,Melanomas of the Skin,11.3,10.8,11.8,2019,20558220
1999,Wisconsin,Melanomas of the Skin,12.3,11.4,13.3,664,5332666
1999,Alabama,Melanomas of the Skin,13.5,12.4,14.6,604,4430141
1999,Delaware,Melanomas of the Skin,13.3,10.8,16.1,104,774990
1999,Georgia,Melanomas of the Skin,13.7,12.9,14.6,993,8045965
1999,Indiana,Melanomas of the Skin,13.2,12.3,14.1,785,6044969
1999,North Carolina,Melanomas of the Skin,14.6,13.8,15.5,1154,7949361
1999,Ohio,Melanomas of the Skin,13.6,12.9,14.3,1570,11335454
1999,Pennsylvania,Melanomas of the Skin,13.6,13,14.2,1832,12263805
1999,Virginia,Melanomas of the Skin,14.5,13.7,15.5,993,7000174
1999,Hawaii,Melanomas of the Skin,14.7,12.6,17,180,1210300
1999,Iowa,Melanomas of the Skin,17.2,15.8,18.7,532,2917634
1999,Kansas,Melanomas of the Skin,17.1,15.5,18.7,457,2678338
1999,Massachusetts,Melanomas of the Skin,16.7,15.7,17.7,1090,6317345
1999,Minnesota,Melanomas of the Skin,17.1,15.9,18.3,815,4873481
1999,Nebraska,Melanomas of the Skin,14.8,13.1,16.8,253,1704764
1999,New Jersey,Melanomas of the Skin,15.1,14.3,15.9,1306,8359592
1999,New Mexico,Melanomas of the Skin,14.8,13.1,16.8,255,1808082
1999,West Virginia,Melanomas of the Skin,15.2,13.5,17,304,1811799
1999,Arizona,Melanomas of the Skin,18.6,17.4,19.8,917,5023823
1999,California,Melanomas of the Skin,18.4,17.9,18.9,5569,33499204
1999,Colorado,Melanomas of the Skin,20.7,19.3,22.2,799,4226018
1999,Florida,Melanomas of the Skin,17.5,16.9,18.1,3236,15759421
1999,Idaho,Melanomas of the Skin,19.9,17.4,22.6,236,1275674
1999,Kentucky,Melanomas of the Skin,19.9,18.6,21.4,804,4018053
1999,Maine,Melanomas of the Skin,18.6,16.4,21,256,1266808
1999,Maryland,Melanomas of the Skin,17.8,16.7,19,912,5254509
1999,Michigan,Melanomas of the Skin,18.7,17.8,19.6,1822,9897116
1999,Rhode Island,Melanomas of the Skin,18.6,16.2,21.3,208,1040402
1999,South Carolina,Melanomas of the Skin,17.5,16.2,18.9,687,3974682
1999,Wyoming,Melanomas of the Skin,20,16.2,24.4,96,491780
1999,Arkansas,Melanomas of the Skin,null,null,null,Data Suppressed,null
1999,Connecticut,Melanomas of the Skin,21.4,19.9,23,761,3386401
1999,Mississippi,Melanomas of the Skin,null,null,null,Data Suppressed,null
1999,New Hampshire,Melanomas of the Skin,21.1,18.6,23.8,261,1222014
1999,Oregon,Melanomas of the Skin,22,20.4,23.6,759,3393941
1999,South Dakota,Melanomas of the Skin,null,null,null,Data Suppressed,null
1999,Utah,Melanomas of the Skin,22.1,19.9,24.5,381,2203482
1999,Vermont,Melanomas of the Skin,28.9,24.8,33.5,180,604683
1999,Washington,Melanomas of the Skin,21.8,20.6,23.1,1240,5842564
2000,District of Columbia,Melanomas of the Skin,5.5,3.8,7.8,32,572046
2000,North Dakota,Melanomas of the Skin,6.9,5.1,9.2,48,642023
2000,Louisiana,Melanomas of the Skin,10.3,9.4,11.4,438,4471885
2000,Tennessee,Melanomas of the Skin,10.4,9.6,11.3,599,5703719
2000,Alaska,Melanomas of the Skin,11,8,14.8,56,627963
2000,Illinois,Melanomas of the Skin,12.6,11.9,13.2,1519,12434161
2000,Missouri,Melanomas of the Skin,11.5,10.7,12.5,664,5607285
2000,New York,Melanomas of the Skin,11.4,10.9,11.9,2205,19001780
2000,Oklahoma,Melanomas of the Skin,11.9,10.8,13.1,417,3454365
2000,Alabama,Melanomas of the Skin,12.8,11.8,13.9,581,4452173
2000,Nebraska,Melanomas of the Skin,14.2,12.4,16.1,246,1713820
2000,Ohio,Melanomas of the Skin,13.8,13.1,14.5,1602,11363543
2000,Texas,Melanomas of the Skin,13.8,13.3,14.4,2541,20944499
2000,Wisconsin,Melanomas of the Skin,14.6,13.6,15.7,797,5373999
2000,Delaware,Melanomas of the Skin,16,13.3,19,128,786373
2000,Georgia,Melanomas of the Skin,17.1,16.2,18.1,1264,8227303
2000,Hawaii,Melanomas of the Skin,17,14.8,19.4,213,1213519
2000,Indiana,Melanomas of the Skin,15,14,16,905,6091866
2000,Kansas,Melanomas of the Skin,16.4,14.9,18,440,2693681
2000,Maine,Melanomas of the Skin,17.3,15.2,19.7,243,1277072
2000,Massachusetts,Melanomas of the Skin,17.3,16.3,18.4,1146,6361104
2000,Nevada,Melanomas of the Skin,17,15.2,18.9,331,2018741
2000,New Jersey,Melanomas of the Skin,15.7,14.8,16.5,1370,8430621
2000,North Carolina,Melanomas of the Skin,16,15.1,16.9,1286,8081614
2000,Pennsylvania,Melanomas of the Skin,14.9,14.2,15.5,2014,12284173
2000,South Carolina,Melanomas of the Skin,15.9,14.7,17.2,635,4024223
2000,Virginia,Melanomas of the Skin,15,14.1,15.9,1037,7105817
2000,West Virginia,Melanomas of the Skin,15.8,14.1,17.7,319,1807021
2000,Arizona,Melanomas of the Skin,17.6,16.4,18.8,896,5160586
2000,California,Melanomas of the Skin,18.1,17.7,18.6,5598,33987977
2000,Florida,Melanomas of the Skin,19.8,19.2,20.5,3782,16047515
2000,Idaho,Melanomas of the Skin,20.2,17.8,22.9,245,1299430
2000,Iowa,Melanomas of the Skin,17.6,16.2,19.2,541,2929067
2000,Kentucky,Melanomas of the Skin,20.1,18.8,21.6,826,4049021
2000,Maryland,Melanomas of the Skin,17.4,16.3,18.5,909,5311034
2000,Michigan,Melanomas of the Skin,18.1,17.3,19,1789,9952450
2000,Minnesota,Melanomas of the Skin,18.1,16.9,19.4,877,4933692
2000,Montana,Melanomas of the Skin,19.7,16.9,22.7,185,903773
2000,New Mexico,Melanomas of the Skin,18.4,16.5,20.6,322,1821204
2000,Utah,Melanomas of the Skin,20.5,18.4,22.8,357,2244502
2000,Wyoming,Melanomas of the Skin,20.3,16.4,24.7,98,494300
2000,Arkansas,Melanomas of the Skin,null,null,null,Data Suppressed,null
2000,Colorado,Melanomas of the Skin,21.4,20,22.9,856,4326921
2000,Connecticut,Melanomas of the Skin,23.5,21.9,25.1,849,3411777
2000,Mississippi,Melanomas of the Skin,null,null,null,Data Suppressed,null
2000,New Hampshire,Melanomas of the Skin,23,20.4,25.8,288,1239882
2000,Oregon,Melanomas of the Skin,23.6,22,25.3,825,3429708
2000,Rhode Island,Melanomas of the Skin,20.9,18.3,23.8,233,1050268
2000,South Dakota,Melanomas of the Skin,null,null,null,Data Suppressed,null
2000,Vermont,Melanomas of the Skin,27.4,23.4,31.8,174,609618
2000,Washington,Melanomas of the Skin,23.6,22.3,24.9,1362,5910512
2001,District of Columbia,Melanomas of the Skin,9.4,7.1,12.2,55,574504
2001,Louisiana,Melanomas of the Skin,11,10.1,12.1,475,4477875
2001,Missouri,Melanomas of the Skin,12.4,11.5,13.3,721,5641142
2001,North Dakota,Melanomas of the Skin,12.1,9.6,15.1,80,639062
2001,South Dakota,Melanomas of the Skin,12.3,10,15,97,757972
2001,Tennessee,Melanomas of the Skin,11.4,10.5,12.3,669,5750789
2001,Alabama,Melanomas of the Skin,13.8,12.7,14.9,632,4467634
2001,Alaska,Melanomas of the Skin,14.6,11.1,18.8,71,633714
2001,Arkansas,Melanomas of the Skin,13.7,12.3,15.1,385,2691571
2001,Illinois,Melanomas of the Skin,13.3,12.7,14,1625,12488445
2001,New York,Melanomas of the Skin,12.7,12.2,13.2,2471,19082838
2001,North Carolina,Melanomas of the Skin,13.9,13.1,14.7,1133,8210122
2001,Oklahoma,Melanomas of the Skin,13,11.8,14.2,457,3467100
2001,Texas,Melanomas of the Skin,14.6,14.1,15.2,2756,21319622
2001,Virginia,Melanomas of the Skin,14.7,13.8,15.6,1042,7198362
2001,Hawaii,Melanomas of the Skin,15.3,13.3,17.6,197,1225948
2001,Indiana,Melanomas of the Skin,17.1,16.1,18.2,1041,6127760
2001,Kansas,Melanomas of the Skin,17.3,15.7,18.9,468,2702162
2001,Nebraska,Melanomas of the Skin,15.3,13.5,17.2,266,1719836
2001,Ohio,Melanomas of the Skin,16,15.2,16.7,1869,11387404
2001,Pennsylvania,Melanomas of the Skin,16.6,15.9,17.3,2240,12298970
2001,South Carolina,Melanomas of the Skin,16.3,15.1,17.6,664,4064995
2001,West Virginia,Melanomas of the Skin,17.2,15.4,19.1,344,1801481
2001,Wisconsin,Melanomas of the Skin,15.5,14.5,16.6,852,5406835
2001,Arizona,Melanomas of the Skin,19.9,18.7,21.2,1041,5273477
2001,California,Melanomas of the Skin,19.3,18.8,19.8,6069,34479458
2001,Colorado,Melanomas of the Skin,20.4,19.1,21.9,843,4425687
2001,Delaware,Melanomas of the Skin,20.8,17.8,24.2,170,795699
2001,Florida,Melanomas of the Skin,19,18.4,19.7,3679,16356966
2001,Georgia,Melanomas of the Skin,18.6,17.6,19.6,1413,8377038
2001,Idaho,Melanomas of the Skin,19.8,17.4,22.5,245,1319962
2001,Iowa,Melanomas of the Skin,19.6,18.1,21.3,607,2931997
2001,Maryland,Melanomas of the Skin,19.8,18.6,21,1049,5374691
2001,Michigan,Melanomas of the Skin,18.8,18,19.7,1875,9991120
2001,Minnesota,Melanomas of the Skin,18.8,17.6,20.1,925,4982796
2001,Montana,Melanomas of the Skin,17.5,14.9,20.4,168,906961
2001,Nevada,Melanomas of the Skin,18,16.2,20,364,2098399
2001,New Jersey,Melanomas of the Skin,18.5,17.6,19.4,1630,8492671
2001,New Mexico,Melanomas of the Skin,19.6,17.6,21.8,350,1831690
2001,Connecticut,Melanomas of the Skin,23.7,22.2,25.4,862,3432835
2001,Kentucky,Melanomas of the Skin,22.2,20.8,23.7,916,4068132
2001,Maine,Melanomas of the Skin,21,18.7,23.6,295,1285692
2001,Massachusetts,Melanomas of the Skin,21.5,20.4,22.6,1431,6397634
2001,Mississippi,Melanomas of the Skin,null,null,null,Data Suppressed,null
2001,New Hampshire,Melanomas of the Skin,23.8,21.2,26.6,304,1255517
2001,Oregon,Melanomas of the Skin,24.2,22.6,25.9,862,3467937
2001,Rhode Island,Melanomas of the Skin,22.7,20,25.7,258,1057142
2001,Utah,Melanomas of the Skin,21.7,19.5,24,382,2283715
2001,Vermont,Melanomas of the Skin,22.6,19,26.6,145,612223
2001,Washington,Melanomas of the Skin,23,21.8,24.3,1349,5985722
2001,Wyoming,Melanomas of the Skin,22.7,18.7,27.3,114,494657
2002,District of Columbia,Melanomas of the Skin,8.9,6.6,11.6,52,573158
2002,North Dakota,Melanomas of the Skin,10.5,8.1,13.2,71,638168
2002,Arkansas,Melanomas of the Skin,10.8,9.6,12.1,307,2705927
2002,Louisiana,Melanomas of the Skin,11.1,10.1,12.1,479,4497267
2002,Missouri,Melanomas of the Skin,12.7,11.8,13.6,747,5674825
2002,Tennessee,Melanomas of the Skin,11.6,10.7,12.5,689,5795918
2002,Alabama,Melanomas of the Skin,13.5,12.4,14.6,623,4480089
2002,Alaska,Melanomas of the Skin,12.8,9.7,16.6,70,642337
2002,Illinois,Melanomas of the Skin,13.5,12.8,14.1,1660,12525556
2002,New York,Melanomas of the Skin,13.1,12.6,13.7,2588,19137800
2002,Texas,Melanomas of the Skin,14.6,14.1,15.2,2823,21690325
2002,Delaware,Melanomas of the Skin,16.1,13.5,19.1,135,806169
2002,Hawaii,Melanomas of the Skin,17.3,15.2,19.8,227,1239613
2002,Indiana,Melanomas of the Skin,17.1,16.1,18.2,1052,6155967
2002,Minnesota,Melanomas of the Skin,17,15.8,18.1,848,5018935
2002,Montana,Melanomas of the Skin,16.9,14.4,19.7,161,911667
2002,North Carolina,Melanomas of the Skin,16.2,15.4,17.1,1356,8326201
2002,Ohio,Melanomas of the Skin,16.8,16.1,17.6,1993,11407889
2002,Oklahoma,Melanomas of the Skin,14.8,13.6,16.1,530,3489080
2002,Pennsylvania,Melanomas of the Skin,17.2,16.5,17.9,2342,12331031
2002,West Virginia,Melanomas of the Skin,16.9,15.2,18.8,345,1805414
2002,Wisconsin,Melanomas of the Skin,15.2,14.2,16.3,847,5445162
2002,Wyoming,Melanomas of the Skin,15.9,12.5,19.8,78,500017
2002,Arizona,Melanomas of the Skin,19.8,18.6,21,1061,5396255
2002,California,Melanomas of the Skin,18.9,18.4,19.3,6058,34871843
2002,Florida,Melanomas of the Skin,19.4,18.8,20,3843,16689370
2002,Georgia,Melanomas of the Skin,19.8,18.8,20.8,1524,8508256
2002,Iowa,Melanomas of the Skin,18.8,17.3,20.4,584,2934234
2002,Kansas,Melanomas of the Skin,18.6,17,20.3,508,2713535
2002,Kentucky,Melanomas of the Skin,19.1,17.8,20.4,799,4089875
2002,Michigan,Melanomas of the Skin,18.7,17.9,19.6,1886,10015710
2002,Nebraska,Melanomas of the Skin,17.5,15.6,19.6,305,1728292
2002,Nevada,Melanomas of the Skin,17.5,15.7,19.4,376,2173791
2002,New Jersey,Melanomas of the Skin,20.8,19.9,21.8,1856,8552643
2002,New Mexico,Melanomas of the Skin,17.8,15.9,19.9,322,1855309
2002,South Carolina,Melanomas of the Skin,19.8,18.5,21.2,822,4107795
2002,South Dakota,Melanomas of the Skin,18.7,15.8,22,149,760020
2002,Virginia,Melanomas of the Skin,17.4,16.4,18.4,1255,7286873
2002,Colorado,Melanomas of the Skin,21.5,20.1,22.9,906,4490406
2002,Connecticut,Melanomas of the Skin,20.9,19.4,22.4,774,3458749
2002,Idaho,Melanomas of the Skin,20.9,18.4,23.5,267,1340372
2002,Maine,Melanomas of the Skin,21.5,19.2,24.1,309,1295960
2002,Maryland,Melanomas of the Skin,21.7,20.5,23,1185,5440389
2002,Massachusetts,Melanomas of the Skin,22.7,21.5,23.8,1526,6417206
2002,Mississippi,Melanomas of the Skin,null,null,null,Data Suppressed,null
2002,New Hampshire,Melanomas of the Skin,29.4,26.6,32.6,381,1269089
2002,Oregon,Melanomas of the Skin,23.7,22.1,25.3,865,3513424
2002,Rhode Island,Melanomas of the Skin,26.7,23.7,29.9,301,1065995
2002,Utah,Melanomas of the Skin,20.9,18.9,23.2,384,2324815
2002,Vermont,Melanomas of the Skin,26.6,22.7,30.9,170,615442
2002,Washington,Melanomas of the Skin,22.5,21.3,23.7,1341,6052349
2003,District of Columbia,Melanomas of the Skin,8.7,6.5,11.5,52,568502
2003,Louisiana,Melanomas of the Skin,10.4,9.5,11.4,460,4521042
2003,Arkansas,Melanomas of the Skin,11.3,10.1,12.6,330,2724816
2003,New York,Melanomas of the Skin,12.2,11.7,12.7,2434,19175939
2003,Tennessee,Melanomas of the Skin,10.9,10.1,11.8,656,5847812
2003,Alabama,Melanomas of the Skin,13.6,12.5,14.7,632,4503491
2003,Illinois,Melanomas of the Skin,13.6,13,14.3,1695,12556006
2003,Mississippi,Melanomas of the Skin,12.8,11.5,14.2,363,2868312
2003,Missouri,Melanomas of the Skin,13.1,12.2,14,772,5709403
2003,North Dakota,Melanomas of the Skin,13.5,10.9,16.6,92,638817
2003,South Dakota,Melanomas of the Skin,14.6,12,17.5,116,763729
2003,Alaska,Melanomas of the Skin,15.1,11.7,19,85,648414
2003,Hawaii,Melanomas of the Skin,15.8,13.7,18.1,211,1251154
2003,Iowa,Melanomas of the Skin,16.4,15,17.9,519,2941999
2003,Nebraska,Melanomas of the Skin,15.7,13.9,17.6,280,1738643
2003,North Carolina,Melanomas of the Skin,16.7,15.9,17.6,1424,8422501
2003,Ohio,Melanomas of the Skin,16.2,15.5,17,1943,11434788
2003,Texas,Melanomas of the Skin,14.9,14.4,15.5,2914,22030931
2003,Virginia,Melanomas of the Skin,16.4,15.4,17.3,1203,7366977
2003,West Virginia,Melanomas of the Skin,15.8,14.1,17.7,328,1812295
2003,Wisconsin,Melanomas of the Skin,14.7,13.7,15.7,831,5479203
2003,California,Melanomas of the Skin,18.3,17.8,18.8,5974,35253159
2003,Colorado,Melanomas of the Skin,18.9,17.6,20.3,795,4528732
2003,Delaware,Melanomas of the Skin,19.4,16.6,22.6,165,818003
2003,Florida,Melanomas of the Skin,18.2,17.6,18.8,3692,17004085
2003,Georgia,Melanomas of the Skin,20.6,19.6,21.6,1626,8622793
2003,Indiana,Melanomas of the Skin,17.6,16.6,18.7,1094,6196638
2003,Kansas,Melanomas of the Skin,18.7,17.1,20.4,517,2723004
2003,Kentucky,Melanomas of the Skin,20,18.7,21.4,850,4117170
2003,Maryland,Melanomas of the Skin,19.4,18.3,20.6,1065,5496269
2003,Michigan,Melanomas of the Skin,19.1,18.2,20,1942,10041152
2003,Minnesota,Melanomas of the Skin,17.9,16.7,19.1,904,5053572
2003,Montana,Melanomas of the Skin,17.7,15.2,20.6,172,919630
2003,Nevada,Melanomas of the Skin,19.2,17.4,21.2,421,2248850
2003,New Jersey,Melanomas of the Skin,19.1,18.2,20,1720,8601402
2003,New Mexico,Melanomas of the Skin,17.5,15.6,19.5,323,1877574
2003,Oklahoma,Melanomas of the Skin,17.5,16.1,18.9,632,3504892
2003,Pennsylvania,Melanomas of the Skin,17.9,17.2,18.6,2458,12374658
2003,South Carolina,Melanomas of the Skin,20.5,19.1,21.9,870,4150297
2003,Wyoming,Melanomas of the Skin,18.8,15.2,23,96,503453
2003,Arizona,Melanomas of the Skin,21.1,19.9,22.3,1167,5510364
2003,Connecticut,Melanomas of the Skin,22.3,20.8,23.9,831,3484336
2003,Idaho,Melanomas of the Skin,24.2,21.6,27.1,314,1363380
2003,Maine,Melanomas of the Skin,22.5,20.1,25.1,326,1306513
2003,Massachusetts,Melanomas of the Skin,20.9,19.9,22.1,1422,6422565
2003,New Hampshire,Melanomas of the Skin,30.5,27.6,33.7,405,1279840
2003,Oregon,Melanomas of the Skin,21.8,20.3,23.4,811,3547376
2003,Rhode Island,Melanomas of the Skin,24.3,21.5,27.4,280,1071342
2003,Utah,Melanomas of the Skin,23.7,21.5,26,447,2360137
2003,Vermont,Melanomas of the Skin,33.3,28.9,38.1,216,617858
2003,Washington,Melanomas of the Skin,23.7,22.5,25,1436,6104115
2004,District of Columbia,Melanomas of the Skin,6.4,4.5,8.8,38,567754
2004,Louisiana,Melanomas of the Skin,12.6,11.5,13.7,561,4552238
2004,Alaska,Melanomas of the Skin,13.2,10.1,16.9,73,659286
2004,Arkansas,Melanomas of the Skin,13.8,12.4,15.2,401,2749686
2004,Mississippi,Melanomas of the Skin,13.9,12.6,15.4,400,2889010
2004,North Dakota,Melanomas of the Skin,14.5,11.7,17.7,97,644705
2004,Alabama,Melanomas of the Skin,15.4,14.3,16.6,734,4530729
2004,Arizona,Melanomas of the Skin,16.6,15.6,17.7,953,5652404
2004,Illinois,Melanomas of the Skin,14.7,14,15.4,1837,12589773
2004,Indiana,Melanomas of the Skin,16.1,15.1,17.1,1017,6233007
2004,Michigan,Melanomas of the Skin,17.3,16.5,18.1,1772,10055315
2004,Missouri,Melanomas of the Skin,16.8,15.8,17.9,1011,5747741
2004,Montana,Melanomas of the Skin,15.6,13.3,18.3,159,930009
2004,Nevada,Melanomas of the Skin,16.5,14.9,18.3,381,2346222
2004,New York,Melanomas of the Skin,14.7,14.2,15.3,2959,19171567
2004,South Dakota,Melanomas of the Skin,15.8,13.1,18.8,128,770396
2004,Texas,Melanomas of the Skin,14.7,14.1,15.2,2939,22394023
2004,Wisconsin,Melanomas of the Skin,15,14,16,864,5514026
2004,California,Melanomas of the Skin,19.8,19.3,20.3,6586,35574576
2004,Colorado,Melanomas of the Skin,20.1,18.8,21.5,878,4575013
2004,Florida,Melanomas of the Skin,18.6,18,19.2,3853,17415318
2004,Georgia,Melanomas of the Skin,20.6,19.6,21.7,1666,8769252
2004,Iowa,Melanomas of the Skin,17.6,16.2,19.2,562,2953635
2004,Kansas,Melanomas of the Skin,19.2,17.6,20.9,533,2734373
2004,Maryland,Melanomas of the Skin,18.7,17.5,19.9,1042,5546935
2004,Minnesota,Melanomas of the Skin,19,17.8,20.3,975,5087713
2004,Nebraska,Melanomas of the Skin,17.6,15.7,19.7,314,1749370
2004,New Mexico,Melanomas of the Skin,17.4,15.6,19.4,330,1903808
2004,North Carolina,Melanomas of the Skin,18,17.1,18.9,1561,8553152
2004,Ohio,Melanomas of the Skin,17.7,17,18.5,2122,11452251
2004,Oklahoma,Melanomas of the Skin,17.9,16.6,19.4,649,3525233
2004,Pennsylvania,Melanomas of the Skin,17.5,16.8,18.2,2426,12410722
2004,Tennessee,Melanomas of the Skin,19.2,18.1,20.3,1176,5910809
2004,Virginia,Melanomas of the Skin,17.6,16.6,18.5,1316,7475575
2004,West Virginia,Melanomas of the Skin,19.5,17.6,21.5,410,1816438
2004,Connecticut,Melanomas of the Skin,22.4,20.9,23.9,853,3496094
2004,Delaware,Melanomas of the Skin,22.2,19.2,25.6,193,830803
2004,Hawaii,Melanomas of the Skin,21.2,18.8,23.8,289,1273569
2004,Idaho,Melanomas of the Skin,26.3,23.6,29.2,351,1391802
2004,Kentucky,Melanomas of the Skin,21.5,20.1,23,928,4146101
2004,Maine,Melanomas of the Skin,22.6,20.2,25.2,334,1313688
2004,Massachusetts,Melanomas of the Skin,22.9,21.8,24.1,1566,6412281
2004,New Hampshire,Melanomas of the Skin,29,26.1,32.1,386,1290121
2004,New Jersey,Melanomas of the Skin,21,20.1,22,1908,8634561
2004,Oregon,Melanomas of the Skin,26.3,24.7,28,990,3569463
2004,Rhode Island,Melanomas of the Skin,22,19.4,24.9,255,1074579
2004,South Carolina,Melanomas of the Skin,21.3,19.9,22.7,914,4210921
2004,Utah,Melanomas of the Skin,26,23.7,28.4,499,2401580
2004,Vermont,Melanomas of the Skin,31.4,27.2,36,208,619920
2004,Washington,Melanomas of the Skin,26.4,25.2,27.8,1636,6178645
2004,Wyoming,Melanomas of the Skin,21.9,18,26.4,114,509106
2005,Alaska,Melanomas of the Skin,8.4,6.1,11.1,52,666946
2005,District of Columbia,Melanomas of the Skin,8.3,6.2,11,51,567136
2005,Arkansas,Melanomas of the Skin,13.1,11.8,14.5,388,2781097
2005,Louisiana,Melanomas of the Skin,14.3,13.2,15.4,622,4411396
2005,South Dakota,Melanomas of the Skin,13.6,11.2,16.4,113,775493
2005,Texas,Melanomas of the Skin,13.8,13.3,14.4,2830,22773020
2005,Arizona,Melanomas of the Skin,15.2,14.2,16.2,900,5839077
2005,Illinois,Melanomas of the Skin,16.1,15.4,16.8,2040,12609903
2005,Mississippi,Melanomas of the Skin,15,13.6,16.5,431,2876229
2005,Nevada,Melanomas of the Skin,16.9,15.3,18.7,411,2432143
2005,New York,Melanomas of the Skin,16.1,15.5,16.6,3229,19132610
2005,North Dakota,Melanomas of the Skin,14.7,11.9,18,99,646089
2005,Oklahoma,Melanomas of the Skin,17.1,15.8,18.5,629,3548597
2005,Wisconsin,Melanomas of the Skin,16.8,15.7,17.9,972,5546166
2005,Alabama,Melanomas of the Skin,19.1,17.8,20.3,919,4565917
2005,Florida,Melanomas of the Skin,20.2,19.6,20.9,4296,17842038
2005,Indiana,Melanomas of the Skin,17.4,16.4,18.4,1110,6278616
2005,Iowa,Melanomas of the Skin,18.7,17.3,20.3,601,2964454
2005,Kansas,Melanomas of the Skin,19.8,18.2,21.6,557,2745299
2005,Michigan,Melanomas of the Skin,19.1,18.3,20,1979,10051137
2005,Minnesota,Melanomas of the Skin,19.4,18.2,20.6,1006,5119598
2005,Missouri,Melanomas of the Skin,17.9,16.8,18.9,1094,5790300
2005,Montana,Melanomas of the Skin,19.2,16.5,22.1,193,940102
2005,Nebraska,Melanomas of the Skin,18.5,16.6,20.6,342,1761497
2005,New Mexico,Melanomas of the Skin,18.9,17,21,370,1932274
2005,North Carolina,Melanomas of the Skin,20.5,19.6,21.5,1825,8705407
2005,Ohio,Melanomas of the Skin,20.8,20,21.6,2508,11463320
2005,Pennsylvania,Melanomas of the Skin,18.3,17.6,19.1,2561,12449990
2005,Tennessee,Melanomas of the Skin,20.2,19.1,21.4,1273,5991057
2005,West Virginia,Melanomas of the Skin,18.3,16.5,20.2,383,1820492
2005,California,Melanomas of the Skin,21.2,20.7,21.7,7174,35827943
2005,Colorado,Melanomas of the Skin,22.4,21,23.8,993,4631888
2005,Connecticut,Melanomas of the Skin,27,25.3,28.7,1029,3506956
2005,Delaware,Melanomas of the Skin,27.5,24.2,31.2,249,845150
2005,Georgia,Melanomas of the Skin,21.9,20.9,23,1820,8925922
2005,Hawaii,Melanomas of the Skin,21.8,19.4,24.4,309,1292729
2005,Idaho,Melanomas of the Skin,27.1,24.4,30,367,1428241
2005,Kentucky,Melanomas of the Skin,22.1,20.7,23.5,962,4182742
2005,Maine,Melanomas of the Skin,23.5,21.1,26.1,354,1318787
2005,Maryland,Melanomas of the Skin,21.4,20.2,22.6,1214,5592379
2005,Massachusetts,Melanomas of the Skin,22.9,21.8,24,1575,6403290
2005,New Hampshire,Melanomas of the Skin,34.1,31,37.4,462,1298492
2005,New Jersey,Melanomas of the Skin,21,20.1,22,1928,8651974
2005,Oregon,Melanomas of the Skin,27,25.4,28.7,1053,3613202
2005,Rhode Island,Melanomas of the Skin,23.4,20.7,26.4,269,1067916
2005,South Carolina,Melanomas of the Skin,23,21.6,24.5,1015,4270150
2005,Utah,Melanomas of the Skin,28.5,26.2,31,562,2457719
2005,Vermont,Melanomas of the Skin,33.4,29.1,38.1,225,621215
2005,Virginia,Melanomas of the Skin,21.1,20.1,22.2,1614,7577105
2005,Washington,Melanomas of the Skin,26.1,24.8,27.4,1651,6257305
2005,Wyoming,Melanomas of the Skin,22.2,18.4,26.6,121,514157
2006,Alaska,Melanomas of the Skin,9,6.6,12,55,675302
2006,District of Columbia,Melanomas of the Skin,10.3,7.8,13.4,59,570681
2006,Louisiana,Melanomas of the Skin,14.1,12.9,15.2,607,4302665
2006,Nevada,Melanomas of the Skin,14.1,12.7,15.7,346,2522658
2006,Texas,Melanomas of the Skin,13.7,13.2,14.3,2892,23359580
2006,Arizona,Melanomas of the Skin,16.5,15.5,17.5,1011,6029141
2006,Arkansas,Melanomas of the Skin,14.8,13.5,16.3,447,2821761
2006,Illinois,Melanomas of the Skin,16.2,15.5,16.9,2061,12643955
2006,Michigan,Melanomas of the Skin,17.2,16.4,18,1802,10036081
2006,Mississippi,Melanomas of the Skin,15.3,13.9,16.8,445,2904978
2006,New Mexico,Melanomas of the Skin,17.3,15.5,19.2,352,1962137
2006,North Dakota,Melanomas of the Skin,15.9,13,19.2,112,649422
2006,South Dakota,Melanomas of the Skin,17,14.3,20.2,141,783033
2006,Alabama,Melanomas of the Skin,18.4,17.2,19.7,908,4628981
2006,California,Melanomas of the Skin,19.9,19.5,20.4,6812,36021202
2006,Florida,Melanomas of the Skin,18.8,18.2,19.4,4088,18166990
2006,Hawaii,Melanomas of the Skin,20.5,18.2,22.9,301,1309731
2006,Indiana,Melanomas of the Skin,17.7,16.7,18.8,1145,6332669
2006,Maryland,Melanomas of the Skin,20.4,19.2,21.6,1174,5627367
2006,Missouri,Melanomas of the Skin,17.7,16.6,18.7,1093,5842704
2006,Montana,Melanomas of the Skin,20.1,17.5,23.1,213,952692
2006,Nebraska,Melanomas of the Skin,17.6,15.7,19.6,323,1772693
2006,New York,Melanomas of the Skin,17.8,17.2,18.3,3598,19104631
2006,North Carolina,Melanomas of the Skin,19.4,18.5,20.3,1778,8917270
2006,Ohio,Melanomas of the Skin,19.1,18.4,19.9,2351,11481213
2006,Oklahoma,Melanomas of the Skin,18.1,16.7,19.5,678,3594090
2006,Pennsylvania,Melanomas of the Skin,18.2,17.5,18.9,2579,12510809
2006,Tennessee,Melanomas of the Skin,20.6,19.5,21.7,1314,6088766
2006,West Virginia,Melanomas of the Skin,18.1,16.3,20.1,383,1827912
2006,Wisconsin,Melanomas of the Skin,17.9,16.8,19.1,1049,5577655
2006,Wyoming,Melanomas of the Skin,18.7,15.2,22.8,101,522667
2006,Colorado,Melanomas of the Skin,24.3,22.9,25.8,1108,4720423
2006,Connecticut,Melanomas of the Skin,25.2,23.6,26.8,971,3517460
2006,Delaware,Melanomas of the Skin,27.2,24,30.8,253,859268
2006,Georgia,Melanomas of the Skin,21.4,20.4,22.4,1828,9155813
2006,Idaho,Melanomas of the Skin,22.9,20.5,25.6,327,1468669
2006,Iowa,Melanomas of the Skin,21,19.4,22.6,680,2982644
2006,Kansas,Melanomas of the Skin,22.7,21,24.5,646,2762931
2006,Kentucky,Melanomas of the Skin,21.9,20.5,23.3,971,4219239
2006,Maine,Melanomas of the Skin,21.6,19.3,24.1,334,1323619
2006,Massachusetts,Melanomas of the Skin,25.8,24.6,27,1785,6410084
2006,Minnesota,Melanomas of the Skin,21.9,20.6,23.2,1154,5163555
2006,New Hampshire,Melanomas of the Skin,29.3,26.4,32.3,405,1308389
2006,New Jersey,Melanomas of the Skin,22.1,21.1,23.1,2030,8661679
2006,Oregon,Melanomas of the Skin,24.6,23.1,26.2,979,3670883
2006,Rhode Island,Melanomas of the Skin,24.5,21.7,27.6,283,1063096
2006,South Carolina,Melanomas of the Skin,22.2,20.9,23.7,1016,4357847
2006,Utah,Melanomas of the Skin,30.5,28.1,33,619,2525507
2006,Vermont,Melanomas of the Skin,28.2,24.3,32.5,195,622892
2006,Virginia,Melanomas of the Skin,21.2,20.2,22.3,1638,7673725
2006,Washington,Melanomas of the Skin,25.1,23.9,26.4,1642,6370753
2007,Alaska,Melanomas of the Skin,10.7,7.9,14,60,680300
2007,District of Columbia,Melanomas of the Skin,10.9,8.3,14,64,574404
2007,Arkansas,Melanomas of the Skin,14.6,13.3,16.1,449,2848650
2007,Louisiana,Melanomas of the Skin,13.6,12.5,14.7,601,4375581
2007,Texas,Melanomas of the Skin,14.3,13.8,14.8,3088,23831983
2007,Arizona,Melanomas of the Skin,15.8,14.9,16.8,999,6167681
2007,Illinois,Melanomas of the Skin,17,16.3,17.7,2189,12695866
2007,Mississippi,Melanomas of the Skin,15.4,14,16.9,453,2928350
2007,Nevada,Melanomas of the Skin,16,14.5,17.6,413,2601072
2007,New Mexico,Melanomas of the Skin,15.6,14,17.4,331,1990070
2007,New York,Melanomas of the Skin,16.1,15.6,16.7,3303,19132335
2007,Pennsylvania,Melanomas of the Skin,17.3,16.7,18.1,2483,12563937
2007,South Dakota,Melanomas of the Skin,15.1,12.6,18,127,791623
2007,Wyoming,Melanomas of the Skin,17.3,13.9,21.1,98,534876
2007,Alabama,Melanomas of the Skin,19.4,18.2,20.6,970,4672840
2007,Hawaii,Melanomas of the Skin,17.4,15.3,19.7,253,1315675
2007,Indiana,Melanomas of the Skin,17.8,16.8,18.9,1170,6379599
2007,Iowa,Melanomas of the Skin,20,18.5,21.6,658,2999212
2007,Michigan,Melanomas of the Skin,19.1,18.2,19.9,2021,10001284
2007,Missouri,Melanomas of the Skin,18,17,19.1,1126,5887612
2007,Nebraska,Melanomas of the Skin,17.9,16,20,330,1783440
2007,North Dakota,Melanomas of the Skin,20.2,16.9,24,140,652822
2007,Ohio,Melanomas of the Skin,19.6,18.8,20.4,2436,11500468
2007,Rhode Island,Melanomas of the Skin,19.6,17.1,22.3,230,1057315
2007,West Virginia,Melanomas of the Skin,19.4,17.5,21.4,414,1834052
2007,Wisconsin,Melanomas of the Skin,18.6,17.5,19.7,1108,5610775
2007,California,Melanomas of the Skin,21.1,20.6,21.6,7359,36250311
2007,Colorado,Melanomas of the Skin,21.4,20.1,22.8,1004,4803868
2007,Connecticut,Melanomas of the Skin,23.5,22,25.1,916,3527270
2007,Delaware,Melanomas of the Skin,22.9,19.9,26.2,218,871749
2007,Florida,Melanomas of the Skin,21,20.4,21.6,4677,18367842
2007,Georgia,Melanomas of the Skin,21.5,20.5,22.5,1876,9349988
2007,Idaho,Melanomas of the Skin,24.4,21.9,27.1,359,1505105
2007,Kansas,Melanomas of the Skin,21.7,20,23.4,629,2783785
2007,Kentucky,Melanomas of the Skin,24.4,23,25.9,1095,4256672
2007,Maine,Melanomas of the Skin,23.3,20.9,26,355,1327040
2007,Maryland,Melanomas of the Skin,22.2,21,23.5,1293,5653408
2007,Massachusetts,Melanomas of the Skin,23.5,22.4,24.7,1659,6431559
2007,Minnesota,Melanomas of the Skin,23.8,22.5,25.2,1277,5207203
2007,Montana,Melanomas of the Skin,21.7,18.9,24.7,234,964706
2007,New Hampshire,Melanomas of the Skin,26.7,24,29.5,386,1312540
2007,New Jersey,Melanomas of the Skin,22.6,21.6,23.6,2098,8677885
2007,North Carolina,Melanomas of the Skin,21,20.1,22,1980,9118037
2007,Oklahoma,Melanomas of the Skin,21.5,20.1,23.1,818,3634349
2007,Oregon,Melanomas of the Skin,25,23.5,26.6,1020,3722417
2007,South Carolina,Melanomas of the Skin,22.9,21.6,24.4,1081,4444110
2007,Tennessee,Melanomas of the Skin,21.4,20.3,22.6,1400,6175727
2007,Utah,Melanomas of the Skin,30.1,27.7,32.6,623,2597746
2007,Vermont,Melanomas of the Skin,28.2,24.3,32.5,200,623481
2007,Virginia,Melanomas of the Skin,23,22,24.1,1827,7751000
2007,Washington,Melanomas of the Skin,24.3,23.1,25.5,1622,6461587
2008,District of Columbia,Melanomas of the Skin,7.7,5.6,10.4,46,580236
2008,Alaska,Melanomas of the Skin,12.4,9.5,15.9,75,687455
2008,Arkansas,Melanomas of the Skin,14.2,12.9,15.6,452,2874554
2008,Louisiana,Melanomas of the Skin,13.4,12.3,14.5,608,4435586
2008,Nevada,Melanomas of the Skin,14.5,13.1,16.1,377,2653630
2008,Texas,Melanomas of the Skin,14.2,13.7,14.7,3137,24309039
2008,Arizona,Melanomas of the Skin,15.8,14.9,16.8,1021,6280362
2008,Mississippi,Melanomas of the Skin,16.8,15.4,18.4,508,2947806
2008,New York,Melanomas of the Skin,17.3,16.7,17.9,3573,19212436
2008,Oklahoma,Melanomas of the Skin,16.8,15.6,18.2,652,3668976
2008,South Dakota,Melanomas of the Skin,15,12.4,17.9,127,799124
2008,Florida,Melanomas of the Skin,20.6,20,21.2,4668,18527305
2008,Hawaii,Melanomas of the Skin,19.7,17.5,22.1,302,1332213
2008,Illinois,Melanomas of the Skin,17.9,17.1,18.6,2330,12747038
2008,Indiana,Melanomas of the Skin,17.8,16.8,18.9,1194,6424806
2008,Michigan,Melanomas of the Skin,20.6,19.8,21.5,2207,9946889
2008,Missouri,Melanomas of the Skin,17.9,16.9,19,1146,5923916
2008,Montana,Melanomas of the Skin,20.4,17.7,23.3,230,976415
2008,Nebraska,Melanomas of the Skin,18.3,16.4,20.4,351,1796378
2008,North Dakota,Melanomas of the Skin,18.4,15.3,21.9,129,657569
2008,Ohio,Melanomas of the Skin,20.4,19.6,21.3,2558,11515391
2008,Pennsylvania,Melanomas of the Skin,18.3,17.6,19,2664,12612285
2008,Rhode Island,Melanomas of the Skin,20.6,18.1,23.4,247,1055003
2008,Tennessee,Melanomas of the Skin,19.1,18,20.2,1268,6247411
2008,Virginia,Melanomas of the Skin,20.8,19.8,21.8,1661,7833496
2008,West Virginia,Melanomas of the Skin,20,18.1,22.1,429,1840310
2008,Wisconsin,Melanomas of the Skin,19,17.9,20.1,1153,5640996
2008,Alabama,Melanomas of the Skin,20.9,19.6,22.2,1066,4718206
2008,California,Melanomas of the Skin,21.5,21,22,7627,36604337
2008,Colorado,Melanomas of the Skin,21.5,20.2,22.9,1027,4889730
2008,Connecticut,Melanomas of the Skin,23.1,21.6,24.7,922,3545579
2008,Delaware,Melanomas of the Skin,24.7,21.7,28.1,240,883874
2008,Georgia,Melanomas of the Skin,21.7,20.7,22.7,1947,9504843
2008,Idaho,Melanomas of the Skin,21.6,19.3,24.1,328,1534320
2008,Iowa,Melanomas of the Skin,21.9,20.3,23.6,716,3016734
2008,Kansas,Melanomas of the Skin,23.8,22,25.7,695,2808076
2008,Kentucky,Melanomas of the Skin,23.3,21.9,24.7,1069,4289878
2008,Maine,Melanomas of the Skin,21,18.7,23.4,336,1330509
2008,Maryland,Melanomas of the Skin,21.4,20.3,22.7,1259,5684965
2008,Massachusetts,Melanomas of the Skin,23.3,22.2,24.4,1659,6468967
2008,Minnesota,Melanomas of the Skin,24.5,23.2,25.9,1332,5247018
2008,New Hampshire,Melanomas of the Skin,28.2,25.5,31.1,411,1315906
2008,New Jersey,Melanomas of the Skin,21.7,20.8,22.7,2065,8711090
2008,New Mexico,Melanomas of the Skin,22.1,20.1,24.2,471,2010662
2008,North Carolina,Melanomas of the Skin,22.9,21.9,23.9,2219,9309449
2008,Oregon,Melanomas of the Skin,29,27.4,30.8,1196,3768748
2008,South Carolina,Melanomas of the Skin,23.3,21.9,24.7,1124,4528996
2008,Utah,Melanomas of the Skin,30.3,28,32.8,647,2663029
2008,Vermont,Melanomas of the Skin,26.3,22.6,30.4,187,624151
2008,Washington,Melanomas of the Skin,25.5,24.3,26.8,1739,6562231
2008,Wyoming,Melanomas of the Skin,22.8,19,27.1,131,546043
2009,District of Columbia,Melanomas of the Skin,7.7,5.7,10.3,49,592228
2009,Alaska,Melanomas of the Skin,11.5,8.8,14.8,73,698895
2009,Texas,Melanomas of the Skin,13.7,13.2,14.2,3120,24801761
2009,Arkansas,Melanomas of the Skin,15.7,14.3,17.1,495,2896843
2009,Louisiana,Melanomas of the Skin,16.3,15.1,17.5,747,4491648
2009,Nevada,Melanomas of the Skin,16.2,14.7,17.9,438,2684665
2009,Oklahoma,Melanomas of the Skin,17,15.7,18.3,677,3717572
2009,South Dakota,Melanomas of the Skin,16.8,14.2,19.8,150,807067
2009,Arizona,Melanomas of the Skin,18.1,17.1,19.2,1206,6343154
2009,California,Melanomas of the Skin,20.7,20.3,21.2,7518,36961229
2009,Florida,Melanomas of the Skin,20.1,19.6,20.7,4678,18652644
2009,Illinois,Melanomas of the Skin,17.9,17.2,18.7,2364,12796778
2009,Indiana,Melanomas of the Skin,18.8,17.8,19.9,1265,6459325
2009,Maryland,Melanomas of the Skin,20.2,19.1,21.4,1207,5730388
2009,Michigan,Melanomas of the Skin,19.9,19,20.8,2135,9901591
2009,Mississippi,Melanomas of the Skin,17.7,16.2,19.3,535,2958774
2009,Missouri,Melanomas of the Skin,18.9,17.9,20,1232,5961088
2009,Nebraska,Melanomas of the Skin,19.2,17.2,21.3,358,1812683
2009,New Mexico,Melanomas of the Skin,19,17.1,20.9,415,2036802
2009,New York,Melanomas of the Skin,18.1,17.6,18.7,3807,19307066
2009,Pennsylvania,Melanomas of the Skin,20.4,19.7,21.2,3008,12666858
2009,Rhode Island,Melanomas of the Skin,20,17.5,22.7,241,1053646
2009,Virginia,Melanomas of the Skin,18.8,17.9,19.8,1541,7925937
2009,Wisconsin,Melanomas of the Skin,20.3,19.2,21.5,1246,5669264
2009,Alabama,Melanomas of the Skin,22.5,21.2,23.9,1156,4757938
2009,Colorado,Melanomas of the Skin,23,21.7,24.4,1137,4972195
2009,Connecticut,Melanomas of the Skin,23.8,22.3,25.4,960,3561807
2009,Delaware,Melanomas of the Skin,29.3,26,33,294,891730
2009,Georgia,Melanomas of the Skin,22.2,21.3,23.2,2033,9620846
2009,Hawaii,Melanomas of the Skin,21,18.7,23.5,319,1346717
2009,Idaho,Melanomas of the Skin,26.1,23.6,28.8,408,1554439
2009,Iowa,Melanomas of the Skin,23.1,21.4,24.8,768,3032870
2009,Kansas,Melanomas of the Skin,23.5,21.8,25.3,710,2832704
2009,Kentucky,Melanomas of the Skin,24.1,22.7,25.6,1110,4317074
2009,Maine,Melanomas of the Skin,23.3,21,25.8,381,1329590
2009,Massachusetts,Melanomas of the Skin,22.3,21.2,23.4,1597,6517613
2009,Minnesota,Melanomas of the Skin,26.4,25,27.8,1473,5281203
2009,Montana,Melanomas of the Skin,21.4,18.7,24.3,240,983982
2009,New Hampshire,Melanomas of the Skin,25.7,23.1,28.5,376,1316102
2009,New Jersey,Melanomas of the Skin,21.2,20.2,22.1,2034,8755602
2009,North Carolina,Melanomas of the Skin,25.1,24.1,26.2,2472,9449566
2009,North Dakota,Melanomas of the Skin,21.9,18.5,25.8,158,664968
2009,Ohio,Melanomas of the Skin,20.8,20,21.6,2617,11528896
2009,Oregon,Melanomas of the Skin,24.8,23.3,26.4,1043,3808600
2009,South Carolina,Melanomas of the Skin,24.6,23.2,26,1216,4589872
2009,Tennessee,Melanomas of the Skin,23.4,22.2,24.6,1586,6306019
2009,Utah,Melanomas of the Skin,30.8,28.5,33.2,678,2723421
2009,Vermont,Melanomas of the Skin,32.7,28.6,37.3,241,624817
2009,Washington,Melanomas of the Skin,25.5,24.3,26.7,1777,6667426
2009,West Virginia,Melanomas of the Skin,22.5,20.5,24.7,482,1847775
2009,Wyoming,Melanomas of the Skin,21.3,17.6,25.5,124,559851
2010,District of Columbia,Melanomas of the Skin,7.8,5.7,10.5,48,605040
2010,Alaska,Melanomas of the Skin,14.1,11.1,17.6,93,714015
2010,Texas,Melanomas of the Skin,12.8,12.3,13.3,2984,25241648
2010,Arizona,Melanomas of the Skin,16.1,15.2,17.1,1107,6407002
2010,Arkansas,Melanomas of the Skin,15.4,14,16.8,495,2921737
2010,Louisiana,Melanomas of the Skin,15.5,14.4,16.7,720,4544871
2010,Mississippi,Melanomas of the Skin,16.6,15.2,18.1,511,2970437
2010,Missouri,Melanomas of the Skin,17.2,16.2,18.2,1125,5995681
2010,Nevada,Melanomas of the Skin,15.6,14.2,17.2,425,2702797
2010,New York,Melanomas of the Skin,16.8,16.2,17.4,3558,19405185
2010,Oklahoma,Melanomas of the Skin,14.7,13.5,16,592,3759529
2010,Florida,Melanomas of the Skin,19.4,18.9,20,4558,18846461
2010,Illinois,Melanomas of the Skin,17.4,16.7,18.1,2333,12841196
2010,Indiana,Melanomas of the Skin,19.7,18.6,20.8,1358,6490029
2010,Michigan,Melanomas of the Skin,18.1,17.3,19,1977,9876731
2010,Nebraska,Melanomas of the Skin,18.2,16.3,20.2,352,1829956
2010,New Mexico,Melanomas of the Skin,20,18.2,22,444,2064607
2010,Ohio,Melanomas of the Skin,19.3,18.5,20.1,2467,11539282
2010,South Dakota,Melanomas of the Skin,20.6,17.6,24,178,816227
2010,Virginia,Melanomas of the Skin,18.6,17.7,19.6,1561,8025206
2010,West Virginia,Melanomas of the Skin,20.8,18.9,22.9,467,1854315
2010,Alabama,Melanomas of the Skin,21.6,20.4,23,1135,4785579
2010,California,Melanomas of the Skin,20.9,20.5,21.4,7725,37327690
2010,Colorado,Melanomas of the Skin,22.4,21.1,23.8,1117,5048029
2010,Connecticut,Melanomas of the Skin,23.4,21.9,25,948,3580171
2010,Delaware,Melanomas of the Skin,30.4,27.1,34.1,308,899712
2010,Georgia,Melanomas of the Skin,23.1,22.1,24.1,2164,9712696
2010,Hawaii,Melanomas of the Skin,22,19.7,24.5,347,1363817
2010,Idaho,Melanomas of the Skin,24.6,22.2,27.1,396,1570912
2010,Iowa,Melanomas of the Skin,25.3,23.6,27.1,861,3050223
2010,Kansas,Melanomas of the Skin,23.8,22.1,25.7,712,2858403
2010,Kentucky,Melanomas of the Skin,24.4,22.9,25.8,1145,4347948
2010,Maine,Melanomas of the Skin,22.2,19.9,24.7,357,1327568
2010,Maryland,Melanomas of the Skin,21.2,20.1,22.4,1306,5788099
2010,Massachusetts,Melanomas of the Skin,21,20,22.1,1552,6564943
2010,Minnesota,Melanomas of the Skin,28.3,26.9,29.8,1594,5310711
2010,Montana,Melanomas of the Skin,25.7,22.8,29,294,990507
2010,New Hampshire,Melanomas of the Skin,28.5,25.8,31.4,432,1316700
2010,New Jersey,Melanomas of the Skin,22.1,21.1,23,2159,8803708
2010,North Carolina,Melanomas of the Skin,22.8,21.9,23.8,2302,9574247
2010,North Dakota,Melanomas of the Skin,23,19.6,26.8,170,674518
2010,Oregon,Melanomas of the Skin,27.1,25.5,28.7,1168,3837073
2010,Pennsylvania,Melanomas of the Skin,21,20.3,21.8,3152,12711063
2010,Rhode Island,Melanomas of the Skin,22.8,20.1,25.7,271,1053169
2010,South Carolina,Melanomas of the Skin,22.8,21.5,24.2,1160,4635834
2010,Tennessee,Melanomas of the Skin,21.7,20.6,22.9,1503,6355882
2010,Utah,Melanomas of the Skin,33.7,31.3,36.2,766,2775260
2010,Vermont,Melanomas of the Skin,28.1,24.3,32.3,208,625842
2010,Washington,Melanomas of the Skin,26.8,25.5,28,1894,6741386
2010,Wisconsin,Melanomas of the Skin,22.5,21.3,23.8,1401,5690403
2010,Wyoming,Melanomas of the Skin,29.9,25.5,34.8,174,564376
2011,District of Columbia,Melanomas of the Skin,9,6.8,11.8,57,620336
2011,Alaska,Melanomas of the Skin,12.3,9.5,15.5,83,722259
2011,Nevada,Melanomas of the Skin,13.4,12.1,14.9,375,2718170
2011,Indiana,Melanomas of the Skin,17.2,16.2,18.3,1197,6515358
2011,Louisiana,Melanomas of the Skin,14.8,13.7,15.9,704,4574388
2011,New Mexico,Melanomas of the Skin,15.1,13.6,16.9,349,2077744
2011,Oklahoma,Melanomas of the Skin,16.1,14.9,17.4,649,3785232
2011,Texas,Melanomas of the Skin,15.2,14.7,15.7,3651,25644424
2011,Alabama,Melanomas of the Skin,20.7,19.5,22,1103,4798649
2011,Arizona,Melanomas of the Skin,19.5,18.4,20.5,1378,6465488
2011,Arkansas,Melanomas of the Skin,18,16.6,19.5,597,2938640
2011,California,Melanomas of the Skin,20.7,20.3,21.2,7850,37672654
2011,Hawaii,Melanomas of the Skin,19.7,17.6,22.1,314,1378323
2011,Illinois,Melanomas of the Skin,18.5,17.7,19.2,2498,12862298
2011,Maryland,Melanomas of the Skin,20.5,19.4,21.7,1291,5843115
2011,Michigan,Melanomas of the Skin,18.8,18,19.7,2075,9876199
2011,Mississippi,Melanomas of the Skin,18.9,17.4,20.5,596,2977452
2011,Missouri,Melanomas of the Skin,18.9,17.9,20,1249,6010280
2011,Nebraska,Melanomas of the Skin,19.7,17.7,21.8,390,1841641
2011,New York,Melanomas of the Skin,18.7,18.1,19.3,4052,19526372
2011,Ohio,Melanomas of the Skin,20.3,19.5,21.1,2610,11543332
2011,Rhode Island,Melanomas of the Skin,20.3,17.7,23.1,237,1052154
2011,South Carolina,Melanomas of the Skin,20.8,19.6,22.1,1081,4672744
2011,Tennessee,Melanomas of the Skin,20.6,19.6,21.8,1451,6396281
2011,Virginia,Melanomas of the Skin,18.4,17.5,19.3,1572,8107548
2011,Colorado,Melanomas of the Skin,22.1,20.8,23.4,1140,5116411
2011,Connecticut,Melanomas of the Skin,20.9,19.5,22.3,871,3591927
2011,Delaware,Melanomas of the Skin,30.8,27.5,34.4,321,907884
2011,Florida,Melanomas of the Skin,22.7,22.1,23.3,5541,19097369
2011,Georgia,Melanomas of the Skin,23.8,22.8,24.9,2270,9810595
2011,Idaho,Melanomas of the Skin,28,25.4,30.8,450,1583180
2011,Iowa,Melanomas of the Skin,24.3,22.6,26.1,819,3063690
2011,Kansas,Melanomas of the Skin,24.6,22.8,26.5,741,2868756
2011,Kentucky,Melanomas of the Skin,23.6,22.2,25.1,1122,4368505
2011,Maine,Melanomas of the Skin,22.2,20,24.7,372,1327968
2011,Massachusetts,Melanomas of the Skin,22.9,21.8,24.1,1717,6612178
2011,Minnesota,Melanomas of the Skin,27.6,26.2,29,1577,5345967
2011,Montana,Melanomas of the Skin,24.2,21.4,27.3,287,996866
2011,New Hampshire,Melanomas of the Skin,27,24.4,29.9,410,1318345
2011,New Jersey,Melanomas of the Skin,21.7,20.8,22.6,2145,8844694
2011,North Carolina,Melanomas of the Skin,22.5,21.5,23.4,2327,9662940
2011,North Dakota,Melanomas of the Skin,22.8,19.5,26.6,177,684830
2011,Oregon,Melanomas of the Skin,27.6,26,29.2,1196,3865845
2011,Pennsylvania,Melanomas of the Skin,21.7,20.9,22.5,3283,12742811
2011,South Dakota,Melanomas of the Skin,21.3,18.3,24.6,196,823338
2011,Utah,Melanomas of the Skin,34.6,32.2,37.2,802,2815430
2011,Vermont,Melanomas of the Skin,29.2,25.4,33.5,224,626210
2011,Washington,Melanomas of the Skin,26.2,25,27.5,1897,6819155
2011,West Virginia,Melanomas of the Skin,22.3,20.3,24.4,495,1854891
2011,Wisconsin,Melanomas of the Skin,21.7,20.5,22.9,1374,5705812
2011,Wyoming,Melanomas of the Skin,20.9,17.3,25,125,567602
2012,District of Columbia,Melanomas of the Skin,7.8,5.7,10.3,51,635630
2012,Texas,Melanomas of the Skin,12.3,11.9,12.8,3049,26078327
2012,Alaska,Melanomas of the Skin,14.4,11.5,17.8,97,730825
2012,Nevada,Melanomas of the Skin,14.1,12.7,15.6,414,2752410
2012,Louisiana,Melanomas of the Skin,17.1,15.9,18.3,821,4602681
2012,Mississippi,Melanomas of the Skin,17.3,15.9,18.8,559,2982963
2012,New Mexico,Melanomas of the Skin,15.8,14.2,17.6,367,2083590
2012,Virginia,Melanomas of the Skin,17.3,16.4,18.2,1522,8188656
2012,Arizona,Melanomas of the Skin,19.1,18,20.1,1383,6544211
2012,Arkansas,Melanomas of the Skin,20.6,19,22.2,679,2949208
2012,Connecticut,Melanomas of the Skin,19.8,18.5,21.3,849,3597705
2012,Hawaii,Melanomas of the Skin,18.3,16.2,20.6,296,1392772
2012,Illinois,Melanomas of the Skin,18.8,18,19.5,2582,12878494
2012,Indiana,Melanomas of the Skin,18.2,17.2,19.3,1275,6535665
2012,Michigan,Melanomas of the Skin,18.4,17.6,19.2,2062,9886610
2012,Missouri,Melanomas of the Skin,18.7,17.7,19.8,1277,6023267
2012,Nebraska,Melanomas of the Skin,17.9,16,19.9,362,1854862
2012,New York,Melanomas of the Skin,17.5,16.9,18,3843,19625409
2012,Ohio,Melanomas of the Skin,19.6,18.8,20.4,2538,11546969
2012,Oklahoma,Melanomas of the Skin,18,16.7,19.4,739,3815298
2012,Tennessee,Melanomas of the Skin,19.9,18.9,21,1421,6450632
2012,Alabama,Melanomas of the Skin,22.2,21,23.5,1204,4813946
2012,California,Melanomas of the Skin,21.4,20.9,21.8,8257,38019006
2012,Colorado,Melanomas of the Skin,22.7,21.4,24.1,1207,5186330
2012,Delaware,Melanomas of the Skin,30.1,26.9,33.6,330,916868
2012,Florida,Melanomas of the Skin,22.2,21.6,22.8,5585,19341327
2012,Georgia,Melanomas of the Skin,26.7,25.7,27.8,2636,9911171
2012,Idaho,Melanomas of the Skin,27.4,24.9,30.1,462,1594673
2012,Iowa,Melanomas of the Skin,24.3,22.7,26.1,848,3074386
2012,Kansas,Melanomas of the Skin,24.5,22.7,26.3,754,2885316
2012,Kentucky,Melanomas of the Skin,25.6,24.2,27.1,1255,4383673
2012,Maine,Melanomas of the Skin,23.9,21.6,26.5,414,1328101
2012,Maryland,Melanomas of the Skin,21,19.9,22.2,1342,5891680
2012,Massachusetts,Melanomas of the Skin,20.9,19.9,22,1586,6659627
2012,Minnesota,Melanomas of the Skin,29.4,28,30.8,1736,5377695
2012,Montana,Melanomas of the Skin,26.8,23.8,30.1,308,1003522
2012,New Hampshire,Melanomas of the Skin,26.3,23.7,29.1,411,1320923
2012,New Jersey,Melanomas of the Skin,21.8,20.9,22.8,2199,8882095
2012,North Carolina,Melanomas of the Skin,24,23.1,25,2551,9755299
2012,North Dakota,Melanomas of the Skin,22.7,19.3,26.4,173,701380
2012,Oregon,Melanomas of the Skin,27.3,25.7,28.9,1217,3893920
2012,Pennsylvania,Melanomas of the Skin,21.7,21,22.5,3306,12768034
2012,Rhode Island,Melanomas of the Skin,21.8,19.2,24.6,269,1052761
2012,South Carolina,Melanomas of the Skin,22.7,21.4,24,1218,4719009
2012,South Dakota,Melanomas of the Skin,23.9,20.7,27.5,215,832576
2012,Utah,Melanomas of the Skin,35.5,33.1,38,849,2854222
2012,Vermont,Melanomas of the Skin,31,27.1,35.4,238,625606
2012,Washington,Melanomas of the Skin,25.3,24.2,26.5,1889,6890899
2012,West Virginia,Melanomas of the Skin,21.1,19.2,23.2,480,1855360
2012,Wisconsin,Melanomas of the Skin,23.8,22.6,25.1,1530,5721075
2012,Wyoming,Melanomas of the Skin,21.8,18.1,26,129,576608
2013,District of Columbia,Melanomas of the Skin,9.8,7.5,12.6,65,650114
2013,Nevada,Melanomas of the Skin,14.6,13.2,16.1,437,2786547
2013,New Mexico,Melanomas of the Skin,13.8,12.3,15.4,325,2085161
2013,Texas,Melanomas of the Skin,12.7,12.2,13.1,3203,26479279
2013,Alaska,Melanomas of the Skin,15.2,12.2,18.7,102,736760
2013,Louisiana,Melanomas of the Skin,16.7,15.6,17.9,819,4626795
2013,Alabama,Melanomas of the Skin,18.8,17.6,20,1032,4827660
2013,Arizona,Melanomas of the Skin,19.8,18.8,20.8,1483,6616124
2013,Arkansas,Melanomas of the Skin,20.4,18.8,22,674,2956780
2013,Connecticut,Melanomas of the Skin,20.1,18.8,21.6,871,3602470
2013,Hawaii,Melanomas of the Skin,19.2,17.1,21.5,321,1408038
2013,Illinois,Melanomas of the Skin,18,17.3,18.7,2519,12890403
2013,Indiana,Melanomas of the Skin,17.4,16.4,18.4,1244,6567484
2013,Massachusetts,Melanomas of the Skin,19.8,18.8,20.8,1536,6711138
2013,Michigan,Melanomas of the Skin,18.8,18,19.6,2121,9899219
2013,Mississippi,Melanomas of the Skin,17.4,15.9,18.9,560,2987721
2013,Missouri,Melanomas of the Skin,18.8,17.8,19.9,1300,6041142
2013,New York,Melanomas of the Skin,19.2,18.6,19.8,4284,19712514
2013,Ohio,Melanomas of the Skin,19.8,19.1,20.6,2636,11567845
2013,Oklahoma,Melanomas of the Skin,19.2,17.9,20.6,803,3849840
2013,Tennessee,Melanomas of the Skin,20.5,19.5,21.6,1506,6490795
2013,Virginia,Melanomas of the Skin,20.7,19.7,21.7,1869,8261689
2013,West Virginia,Melanomas of the Skin,19.9,18,21.9,455,1852333
2013,Wyoming,Melanomas of the Skin,20.6,17.2,24.6,133,582341
2013,California,Melanomas of the Skin,22.2,21.7,22.6,8774,38347383
2013,Colorado,Melanomas of the Skin,21.9,20.6,23.2,1201,5262556
2013,Delaware,Melanomas of the Skin,30,26.7,33.6,326,925114
2013,Florida,Melanomas of the Skin,23.9,23.3,24.6,6182,19584927
2013,Georgia,Melanomas of the Skin,25.2,24.2,26.2,2531,9981773
2013,Idaho,Melanomas of the Skin,26.4,24,29.1,451,1610187
2013,Iowa,Melanomas of the Skin,26.8,25.1,28.7,917,3089876
2013,Kansas,Melanomas of the Skin,24,22.3,25.9,752,2892900
2013,Kentucky,Melanomas of the Skin,24.6,23.2,26.1,1219,4399121
2013,Maine,Melanomas of the Skin,24.7,22.3,27.3,423,1327975
2013,Maryland,Melanomas of the Skin,22.6,21.4,23.8,1468,5932654
2013,Minnesota,Melanomas of the Skin,29.6,28.2,31.1,1769,5416074
2013,Montana,Melanomas of the Skin,26.4,23.5,29.5,324,1011921
2013,Nebraska,Melanomas of the Skin,23.7,21.6,26,474,1867414
2013,New Hampshire,Melanomas of the Skin,27.7,25.1,30.5,449,1322622
2013,New Jersey,Melanomas of the Skin,22.6,21.6,23.5,2294,8913735
2013,North Carolina,Melanomas of the Skin,25,24,26,2724,9849812
2013,North Dakota,Melanomas of the Skin,23.5,20.1,27.3,186,722908
2013,Oregon,Melanomas of the Skin,29,27.4,30.7,1326,3919664
2013,Pennsylvania,Melanomas of the Skin,24.9,24.1,25.7,3816,12778450
2013,Rhode Island,Melanomas of the Skin,23.5,20.8,26.4,302,1052784
2013,South Carolina,Melanomas of the Skin,23.2,21.9,24.5,1268,4765862
2013,South Dakota,Melanomas of the Skin,21.5,18.6,24.9,202,842513
2013,Utah,Melanomas of the Skin,38,35.5,40.6,928,2899961
2013,Vermont,Melanomas of the Skin,33.3,29.2,37.8,261,626044
2013,Washington,Melanomas of the Skin,25.9,24.7,27,1973,6963410
2013,Wisconsin,Melanomas of the Skin,22.5,21.3,23.7,1479,5736673
2014,District of Columbia,Melanomas of the Skin,10,7.7,12.8,67,660797
2014,Texas,Melanomas of the Skin,12.9,12.5,13.4,3378,26954436
2014,Alaska,Melanomas of the Skin,16.4,13.3,20,108,736759
2014,Louisiana,Melanomas of the Skin,17.3,16.2,18.6,866,4648797
2014,Nevada,Melanomas of the Skin,15.7,14.3,17.2,485,2831730
2014,New Mexico,Melanomas of the Skin,14.8,13.2,16.4,361,2083207
2014,Alabama,Melanomas of the Skin,19.3,18.1,20.5,1056,4840037
2014,Arkansas,Melanomas of the Skin,20.5,19,22.1,703,2964800
2014,Hawaii,Melanomas of the Skin,20.2,18.1,22.5,348,1417710
2014,Illinois,Melanomas of the Skin,18.8,18.1,19.6,2694,12882438
2014,Massachusetts,Melanomas of the Skin,18.6,17.7,19.6,1476,6757925
2014,Michigan,Melanomas of the Skin,19.2,18.3,20,2192,9914675
2014,Mississippi,Melanomas of the Skin,17.5,16,19,565,2988578
2014,Missouri,Melanomas of the Skin,19.5,18.5,20.6,1357,6058014
2014,New York,Melanomas of the Skin,18.4,17.9,19,4160,19773580
2014,Tennessee,Melanomas of the Skin,19.3,18.3,20.4,1447,6540007
2014,Virginia,Melanomas of the Skin,20,19.1,21,1843,8316902
2014,West Virginia,Melanomas of the Skin,20.2,18.3,22.3,452,1847624
2014,Arizona,Melanomas of the Skin,21.8,20.7,22.9,1690,6706435
2014,California,Melanomas of the Skin,23.3,22.8,23.7,9495,38701278
2014,Colorado,Melanomas of the Skin,22.4,21.1,23.7,1261,5342311
2014,Connecticut,Melanomas of the Skin,21.8,20.4,23.3,940,3600188
2014,Delaware,Melanomas of the Skin,29.7,26.6,33.2,343,934805
2014,Florida,Melanomas of the Skin,24.6,23.9,25.2,6485,19897747
2014,Georgia,Melanomas of the Skin,27.9,26.9,29,2886,10083850
2014,Idaho,Melanomas of the Skin,27.3,24.8,29.9,482,1630391
2014,Indiana,Melanomas of the Skin,21.2,20.1,22.3,1542,6593182
2014,Iowa,Melanomas of the Skin,25.3,23.7,27.1,904,3105563
2014,Kansas,Melanomas of the Skin,25.4,23.6,27.2,799,2899553
2014,Kentucky,Melanomas of the Skin,27.7,26.2,29.3,1360,4410415
2014,Maine,Melanomas of the Skin,25.1,22.7,27.7,444,1328903
2014,Maryland,Melanomas of the Skin,21.8,20.7,23,1444,5970245
2014,Minnesota,Melanomas of the Skin,29.5,28.1,31,1793,5452649
2014,Montana,Melanomas of the Skin,27.3,24.3,30.5,337,1019931
2014,Nebraska,Melanomas of the Skin,23.6,21.5,25.9,488,1880920
2014,New Hampshire,Melanomas of the Skin,33.5,30.6,36.5,548,1328684
2014,New Jersey,Melanomas of the Skin,21.9,21,22.9,2301,8943010
2014,North Carolina,Melanomas of the Skin,25.6,24.6,26.6,2858,9941160
2014,North Dakota,Melanomas of the Skin,21.5,18.3,25.1,167,738658
2014,Ohio,Melanomas of the Skin,23.3,22.5,24.2,3141,11593741
2014,Oklahoma,Melanomas of the Skin,22.6,21.1,24.1,954,3875008
2014,Oregon,Melanomas of the Skin,28.7,27.1,30.3,1334,3960673
2014,Pennsylvania,Melanomas of the Skin,26,25.1,26.8,4046,12790341
2014,Rhode Island,Melanomas of the Skin,27.2,24.3,30.4,343,1054782
2014,South Carolina,Melanomas of the Skin,23,21.7,24.3,1292,4824758
2014,South Dakota,Melanomas of the Skin,26.5,23.1,30.2,243,849455
2014,Utah,Melanomas of the Skin,42.7,40.1,45.4,1076,2938671
2014,Vermont,Melanomas of the Skin,36.6,32.4,41.3,295,625665
2014,Washington,Melanomas of the Skin,26.2,25.1,27.4,2043,7046931
2014,Wisconsin,Melanomas of the Skin,24.6,23.4,25.8,1631,5751272
2014,Wyoming,Melanomas of the Skin,26.6,22.6,31,171,583334
2015,District of Columbia,Melanomas of the Skin,10.2,7.9,13,70,672736
2015,Nevada,Melanomas of the Skin,12.4,11.2,13.8,397,2883057
2015,Alaska,Melanomas of the Skin,13.2,10.4,16.5,88,737979
2015,Texas,Melanomas of the Skin,13.2,12.8,13.6,3516,27454880
2015,Mississippi,Melanomas of the Skin,15.9,14.6,17.4,526,2985297
2015,New Mexico,Melanomas of the Skin,16.4,14.8,18.2,409,2082264
2015,Connecticut,Melanomas of the Skin,20.4,19,21.8,882,3593862
2015,Illinois,Melanomas of the Skin,20.6,19.8,21.3,2924,12862051
2015,Louisiana,Melanomas of the Skin,18.9,17.7,20.2,963,4671211
2015,Michigan,Melanomas of the Skin,20.5,19.6,21.3,2354,9918170
2015,Missouri,Melanomas of the Skin,20.2,19.1,21.3,1421,6072640
2015,New York,Melanomas of the Skin,17.8,17.2,18.3,4108,19819347
2015,Virginia,Melanomas of the Skin,18.9,18,19.8,1746,8366767
2015,Alabama,Melanomas of the Skin,22.5,21.3,23.8,1266,4850858
2015,Arizona,Melanomas of the Skin,23.6,22.5,24.7,1883,6802262
2015,Arkansas,Melanomas of the Skin,22.6,21,24.3,781,2975626
2015,California,Melanomas of the Skin,23.1,22.6,23.6,9637,39032444
2015,Colorado,Melanomas of the Skin,22.2,21,23.5,1296,5440445
2015,Delaware,Melanomas of the Skin,29.7,26.5,33.1,348,944107
2015,Florida,Melanomas of the Skin,25.2,24.6,25.8,6883,20268567
2015,Georgia,Melanomas of the Skin,27.4,26.4,28.5,2904,10199533
2015,Hawaii,Melanomas of the Skin,23,20.7,25.4,399,1426320
2015,Idaho,Melanomas of the Skin,28.5,26,31.2,505,1649324
2015,Indiana,Melanomas of the Skin,22.6,21.5,23.8,1669,6610596
2015,Iowa,Melanomas of the Skin,26.8,25.1,28.6,962,3118473
2015,Kansas,Melanomas of the Skin,26.9,25,28.8,857,2905789
2015,Kentucky,Melanomas of the Skin,27.7,26.2,29.2,1392,4422057
2015,Maine,Melanomas of the Skin,28.2,25.7,31,487,1327787
2015,Maryland,Melanomas of the Skin,25.5,24.3,26.8,1715,6000561
2015,Massachusetts,Melanomas of the Skin,21.8,20.8,22.9,1750,6794002
2015,Minnesota,Melanomas of the Skin,32,30.6,33.5,1967,5483238
2015,Montana,Melanomas of the Skin,26.1,23.2,29.2,327,1028317
2015,Nebraska,Melanomas of the Skin,25.8,23.6,28.2,526,1893564
2015,New Hampshire,Melanomas of the Skin,32.4,29.5,35.4,523,1330134
2015,New Jersey,Melanomas of the Skin,22.4,21.4,23.3,2375,8960001
2015,North Carolina,Melanomas of the Skin,27.3,26.4,28.3,3134,10041769
2015,North Dakota,Melanomas of the Skin,26,22.4,30,202,754859
2015,Ohio,Melanomas of the Skin,25.5,24.6,26.4,3450,11606027
2015,Oklahoma,Melanomas of the Skin,22.1,20.6,23.6,947,3904353
2015,Oregon,Melanomas of the Skin,26.2,24.7,27.7,1272,4016537
2015,Pennsylvania,Melanomas of the Skin,25.8,25,26.6,4043,12791124
2015,Rhode Island,Melanomas of the Skin,23.7,21,26.6,306,1055916
2015,South Carolina,Melanomas of the Skin,23.4,22.1,24.7,1345,4892423
2015,South Dakota,Melanomas of the Skin,25,21.8,28.6,234,854036
2015,Tennessee,Melanomas of the Skin,22.3,21.2,23.4,1692,6590726
2015,Utah,Melanomas of the Skin,41,38.5,43.6,1064,2984917
2015,Vermont,Melanomas of the Skin,36.5,32.2,41.2,293,624455
2015,Washington,Melanomas of the Skin,26.4,25.2,27.5,2114,7152818
2015,West Virginia,Melanomas of the Skin,21.1,19.2,23.1,481,1839767
2015,Wisconsin,Melanomas of the Skin,24.3,23.1,25.6,1635,5759744
2015,Wyoming,Melanomas of the Skin,23,19.4,27.1,153,586102
2016,District of Columbia,Melanomas of the Skin,9.7,7.4,12.4,67,684336
2016,Texas,Melanomas of the Skin,12.6,12.2,13,3453,27904862
2016,Alaska,Melanomas of the Skin,14.5,11.6,17.9,99,741522
2016,Louisiana,Melanomas of the Skin,16.3,15.2,17.5,834,4686157
2016,New Mexico,Melanomas of the Skin,15.7,14.1,17.4,396,2085432
2016,Connecticut,Melanomas of the Skin,20.5,19.2,21.9,913,3587685
2016,Michigan,Melanomas of the Skin,20.2,19.3,21,2391,9933445
2016,Mississippi,Melanomas of the Skin,17.7,16.2,19.2,593,2985415
2016,Missouri,Melanomas of the Skin,18.6,17.5,19.6,1308,6091176
2016,Nevada,Melanomas of the Skin,18.2,16.7,19.7,607,2939254
2016,New Jersey,Melanomas of the Skin,20.7,19.9,21.6,2219,8978416
2016,New York,Melanomas of the Skin,17.7,17.1,18.2,4126,19836286
2016,Tennessee,Melanomas of the Skin,19,18.1,20.1,1484,6649404
2016,Virginia,Melanomas of the Skin,19.2,18.4,20.2,1836,8414380
2016,Wyoming,Melanomas of the Skin,19.8,16.5,23.6,136,584910
2016,Alabama,Melanomas of the Skin,24.4,23.1,25.8,1381,4860545
2016,Arizona,Melanomas of the Skin,25.3,24.2,26.5,2074,6908642
2016,Arkansas,Melanomas of the Skin,22.2,20.6,23.8,765,2988231
2016,California,Melanomas of the Skin,22.4,21.9,22.8,9535,39296476
2016,Colorado,Melanomas of the Skin,21.5,20.3,22.7,1274,5530105
2016,Delaware,Melanomas of the Skin,29.4,26.3,32.7,360,952698
2016,Florida,Melanomas of the Skin,24,23.4,24.6,6722,20656589
2016,Georgia,Melanomas of the Skin,25.8,24.9,26.8,2819,10313620
2016,Hawaii,Melanomas of the Skin,25.9,23.5,28.5,447,1428683
2016,Idaho,Melanomas of the Skin,29.8,27.3,32.5,544,1680026
2016,Illinois,Melanomas of the Skin,22.1,21.3,22.9,3212,12835726
2016,Indiana,Melanomas of the Skin,21,20,22.1,1556,6634007
2016,Iowa,Melanomas of the Skin,28.2,26.4,30,1009,3130869
2016,Kansas,Melanomas of the Skin,27.5,25.6,29.4,879,2907731
2016,Kentucky,Melanomas of the Skin,28.7,27.2,30.3,1463,4436113
2016,Maine,Melanomas of the Skin,27.7,25.1,30.4,491,1330232
2016,Maryland,Melanomas of the Skin,24.1,22.9,25.3,1648,6024752
2016,Massachusetts,Melanomas of the Skin,24.5,23.4,25.7,2001,6823721
2016,Minnesota,Melanomas of the Skin,31.1,29.7,32.5,1937,5525050
2016,Montana,Melanomas of the Skin,27.4,24.4,30.6,344,1038656
2016,Nebraska,Melanomas of the Skin,28.4,26.1,30.9,586,1907603
2016,New Hampshire,Melanomas of the Skin,30.9,28.2,33.8,533,1335015
2016,North Carolina,Melanomas of the Skin,26.2,25.2,27.2,3042,10156689
2016,North Dakota,Melanomas of the Skin,22.4,19.2,26.1,182,755548
2016,Ohio,Melanomas of the Skin,26.2,25.3,27.1,3577,11622554
2016,Oklahoma,Melanomas of the Skin,25.1,23.6,26.7,1094,3921207
2016,Oregon,Melanomas of the Skin,24.3,22.9,25.8,1184,4085989
2016,Pennsylvania,Melanomas of the Skin,23.1,22.4,23.9,3685,12787085
2016,Rhode Island,Melanomas of the Skin,21.7,19.1,24.6,279,1057566
2016,South Carolina,Melanomas of the Skin,24.2,22.9,25.5,1451,4959822
2016,South Dakota,Melanomas of the Skin,24.1,20.9,27.6,230,861542
2016,Utah,Melanomas of the Skin,41.2,38.8,43.8,1107,3044321
2016,Vermont,Melanomas of the Skin,41.1,36.6,46.1,330,623354
2016,Washington,Melanomas of the Skin,25.5,24.3,26.6,2088,7280934
2016,West Virginia,Melanomas of the Skin,22.1,20.1,24.1,518,1828637
2016,Wisconsin,Melanomas of the Skin,24.4,23.2,25.6,1667,5772917
